Variant,InitPPL,FinalPPL,PPLDrop,Acc,SignFlipFrac,FinalPairCos
Base (no split),5.276933702611411,5.122654204783241,2.923658065891974,3.0,0.0,
Naive split,5.274700850299761,4.945403085335164,6.242965701948458,3.0,0.0,1.0
DPS C=1e-05,5.276485092159925,4.948717965263973,6.211845976461973,5.0,8.010864257812501e-07,1.0
Gaussian C=1e-05,5.276907713081439,4.947810834464749,6.236547927507984,4.0,1.0013580322265623e-06,1.0
DPS C=0.0001,5.274880320404309,4.945675235349401,6.240996289176,3.0,8.290608723958332e-06,1.0
Gaussian C=0.0001,5.277345249395269,4.944397332642348,6.309003883933384,5.0,9.291966756184895e-06,1.0
DPS C=0.001,5.276140584219311,4.945785778092763,6.2612965074248255,5.0,8.211135864257812e-05,1.0
Gaussian C=0.001,5.27298228600048,4.946012038925945,6.200859956283674,5.0,9.50908660888672e-05,1.0
DPS C=0.01,5.279208183043244,4.947066419235353,6.291507216455815,4.0,0.0008220895131429036,0.9999839930484692
Gaussian C=0.01,5.277335778174129,4.945193774302005,6.293743999496634,4.0,0.0009494972229003906,0.9999906408290068
DPS C=0.1,5.278145551910347,4.9511759833516065,6.194781203796072,5.0,0.00820632298787435,0.9987831668307384
Gaussian C=0.1,5.290329010223386,4.974677071511321,5.966584272964467,2.0,0.00947750727335612,0.9991384310026964
"DPS symmetric (+d,+d)",5.275618704333273,4.945218398322847,6.262778349372417,7.0,0.0,1.0
DPS without 1/2 scaling,14.849773632425462,13.327594131060048,10.250523267517256,0.0,8.290608723958332e-06,1.0
DPS lr=1e-05,5.274880320404309,5.177153166348867,1.8526895042037939,3.0,8.290608723958332e-06,1.0
DPS lr=5e-05,5.274880320404309,4.288574503017178,18.69816483934052,1.0,8.290608723958332e-06,1.0
DPS lr=0.0001,5.274880320404309,3.750747324108745,28.894172070594813,4.0,8.290608723958332e-06,1.0
